{
    "name": "library-frontend",
    "version": "1.0.0",
    "lockfileVersion": 3,
    "requires": true,
    "packages": {
        "": {
            "name": "library-frontend",
            "version": "1.0.0",
            "dependencies": {
                "axios": "^1.6.7",
                "react": "^18.3.1",
                "react-dom": "^18.3.1",
                "react-router-dom": "^7.9.3"
            },
            "devDependencies": {
                "@vitejs/plugin-react": "^4.2.0",
                "vite": "^5.0.0"
            }
        },
        "node_modules/@babel/code-frame": {
            "version": "7.27.1",
            "resolved": "https://registry.npmjs.org/@babel/code-frame/-/code-frame-7.27.1.tgz",
            "integrity": "sha512-cjQ7ZlQ0Mv3b47hABuTevyTuYN4i+loJKGeV9flcCgIK37cCXRh+L1bd3iBHlynerhQ7BhCkn2BPbQUL+rGqFg==",
            "dev": true,
            "license": "MIT",
            "dependencies": {
                "@babel/helper-validator-identifier": "^7.27.1",
                "js-tokens": "^4.0.0",
                "picocolors": "^1.1.1"
            },
            "engines": {
                "node": ">=6.9.0"
            }
        },
        "node_modules/@babel/compat-data": {
            "version": "7.28.4",
            "resolved": "https://registry.npmjs.org/@babel/compat-data/-/compat-data-7.28.4.tgz",
            "integrity": "sha512-YsmSKC29MJwf0gF8Rjjrg5LQCmyh+j/nD8/eP7f+BeoQTKYqs9RoWbjGOdy0+1Ekr68RJZMUOPVQaQisnIo4Rw==",
            "dev": true,
            "license": "MIT",
            "engines": {
                "node": ">=6.9.0"
            }
        },
        "node_modules/@babel/core": {
            "version": "7.28.4",
            "resolved": "https://registry.npmjs.org/@babel/core/-/core-7.28.4.tgz",
            "integrity": "sha512-2BCOP7TN8M+gVDj7/ht3hsaO/B/n5oDbiAyyvnRlNOs+u1o+JWNYTQrmpuNp1/Wq2gcFrI01JAW+paEKDMx/CA==",
            "dev": true,
            "license": "MIT",
            "dependencies": {
                "@babel/code-frame": "^7.27.1",
                "@babel/generator": "^7.28.3",
                "@babel/helper-compilation-targets": "^7.27.2",
                "@babel/helper-module-transforms": "^7.28.3",
                "@babel/helpers": "^7.28.4",
                "@babel/parser": "^7.28.4",
                "@babel/template": "^7.27.2",
                "@babel/traverse": "^7.28.4",
                "@babel/types": "^7.28.4",
                "@jridgewell/remapping": "^2.3.5",
                "convert-source-map": "^2.0.0",
                "debug": "^4.1.0",
                "gensync": "^1.0.0-beta.2",
                "json5": "^2.2.3",
                "semver": "^6.3.1"
            },
            "engines": {
                "node": ">=6.9.0"
            },
            "funding": {
                "type": "opencollective",
                "url": "https://opencollective.com/babel"
            }
        },
        "node_modules/@babel/generator": {
            "version": "7.28.3",
            "resolved": "https://registry.npmjs.org/@babel/generator/-/generator-7.28.3.tgz",
            "integrity": "sha512-3lSpxGgvnmZznmBkCRnVREPUFJv2wrv9iAoFDvADJc0ypmdOxdUtcLeBgBJ6zE0PMeTKnxeQzyk0xTBq4Ep7zw==",
            "dev": true,
            "license": "MIT",
            "dependencies": {
                "@babel/parser": "^7.28.3",
                "@babel/types": "^7.28.2",
                "@jridgewell/gen-mapping": "^0.3.12",
                "@jridgewell/trace-mapping": "^0.3.28",
                "jsesc": "^3.0.2"
            },
            "engines": {
                "node": ">=6.9.0"
            }
        },
        "node_modules/@babel/helper-compilation-targets": {
            "version": "7.27.2",
            "resolved": "https://registry.npmjs.org/@babel/helper-compilation-targets/-/helper-compilation-targets-7.27.2.tgz",
            "integrity": "sha512-2+1thGUUWWjLTYTHZWK1n8Yga0ijBz1XAhUXcKy81rd5g6yh7hGqMp45v7cadSbEHc9G3OTv45SyneRN3ps4DQ==",
            "dev": true,
            "license": "MIT",
            "dependencies": {
                "@babel/compat-data": "^7.27.2",
                "@babel/helper-validator-option": "^7.27.1",
                "browserslist": "^4.24.0",
                "lru-cache": "^5.1.1",
                "semver": "^6.3.1"
            },
            "engines": {
                "node": ">=6.9.0"
            }
        },
        "node_modules/@babel/helper-globals": {
            "version": "7.28.0",
            "resolved": "https://registry.npmjs.org/@babel/helper-globals/-/helper-globals-7.28.0.tgz",
            "integrity": "sha512-+W6cISkXFa1jXsDEdYA8HeevQT/FULhxzR99pxphltZcVaugps53THCeiWA8SguxxpSp3gKPiuYfSWopkLQ4hw==",
            "dev": true,
            "license": "MIT",
            "engines": {
                "node": ">=6.9.0"
            }
        },
        "node_modules/@babel/helper-module-imports": {
            "version": "7.27.1",
            "resolved": "https://registry.npmjs.org/@babel/helper-module-imports/-/helper-module-imports-7.27.1.tgz",
            "integrity": "sha512-0gSFWUPNXNopqtIPQvlD5WgXYI5GY2kP2cCvoT8kczjbfcfuIljTbcWrulD1CIPIX2gt1wghbDy08yE1p+/r3w==",
            "dev": true,
            "license": "MIT",
            "dependencies": {
                "@babel/traverse": "^7.27.1",
                "@babel/types": "^7.27.1"
            },
            "engines": {
                "node": ">=6.9.0"
            }
        },
        "node_modules/@babel/helper-module-transforms": {
            "version": "7.28.3",
            "resolved": "https://registry.npmjs.org/@babel/helper-module-transforms/-/helper-module-transforms-7.28.3.tgz",
            "integrity": "sha512-gytXUbs8k2sXS9PnQptz5o0QnpLL51SwASIORY6XaBKF88nsOT0Zw9szLqlSGQDP/4TljBAD5y98p2U1fqkdsw==",
            "dev": true,
            "license": "MIT",
            "dependencies": {
                "@babel/helper-module-imports": "^7.27.1",
                "@babel/helper-validator-identifier": "^7.27.1",
                "@babel/traverse": "^7.28.3"
            },
            "engines": {
                "node": ">=6.9.0"
            },
            "peerDependencies": {
                "@babel/core": "^7.0.0"
            }
        },
        "node_modules/@babel/helper-plugin-utils": {
            "version": "7.27.1",
            "resolved": "https://registry.npmjs.org/@babel/helper-plugin-utils/-/helper-plugin-utils-7.27.1.tgz",
            "integrity": "sha512-1gn1Up5YXka3YYAHGKpbideQ5Yjf1tDa9qYcgysz+cNCXukyLl6DjPXhD3VRwSb8c0J9tA4b2+rHEZtc6R0tlw==",
            "dev": true,
            "license": "MIT",
            "engines": {
                "node": ">=6.9.0"
            }
        },
        "node_modules/@babel/helper-string-parser": {
            "version": "7.27.1",
            "resolved": "https://registry.npmjs.org/@babel/helper-string-parser/-/helper-string-parser-7.27.1.tgz",
            "integrity": "sha512-qMlSxKbpRlAridDExk92nSobyDdpPijUq2DW6oDnUqd0iOGxmQjyqhMIihI9+zv4LPyZdRje2cavWPbCbWm3eA==",
            "dev": true,
            "license": "MIT",
            "engines": {
                "node": ">=6.9.0"
            }
        },
        "node_modules/@babel/helper-validator-identifier": {
            "version": "7.27.1",
            "resolved": "https://registry.npmjs.org/@babel/helper-validator-identifier/-/helper-validator-identifier-7.27.1.tgz",
            "integrity": "sha512-D2hP9eA+Sqx1kBZgzxZh0y1trbuU+JoDkiEwqhQ36nodYqJwyEIhPSdMNd7lOm/4io72luTPWH20Yda0xOuUow==",
            "dev": true,
            "license": "MIT",
            "engines": {
                "node": ">=6.9.0"
            }
        },
        "node_modules/@babel/helper-validator-option": {
            "version": "7.27.1",
            "resolved": "https://registry.npmjs.org/@babel/helper-validator-option/-/helper-validator-option-7.27.1.tgz",
            "integrity": "sha512-YvjJow9FxbhFFKDSuFnVCe2WxXk1zWc22fFePVNEaWJEu8IrZVlda6N0uHwzZrUM1il7NC9Mlp4MaJYbYd9JSg==",
            "dev": true,
            "license": "MIT",
            "engines": {
                "node": ">=6.9.0"
            }
        },
        "node_modules/@babel/helpers": {
            "version": "7.28.4",
            "resolved": "https://registry.npmjs.org/@babel/helpers/-/helpers-7.28.4.tgz",
            "integrity": "sha512-HFN59MmQXGHVyYadKLVumYsA9dBFun/ldYxipEjzA4196jpLZd8UjEEBLkbEkvfYreDqJhZxYAWFPtrfhNpj4w==",
            "dev": true,
            "license": "MIT",
            "dependencies": {
                "@babel/template": "^7.27.2",
                "@babel/types": "^7.28.4"
            },
            "engines": {
                "node": ">=6.9.0"
            }
        },
        "node_modules/@babel/parser": {
            "version": "7.28.4",
            "resolved": "https://registry.npmjs.org/@babel/parser/-/parser-7.28.4.tgz",
            "integrity": "sha512-yZbBqeM6TkpP9du/I2pUZnJsRMGGvOuIrhjzC1AwHwW+6he4mni6Bp/m8ijn0iOuZuPI2BfkCoSRunpyjnrQKg==",
            "dev": true,
            "license": "MIT",
            "dependencies": {
                "@babel/types": "^7.28.4"
            },
            "bin": {
                "parser": "bin/babel-parser.js"
            },
            "engines": {
                "node": ">=6.0.0"
            }
        },
        "node_modules/@babel/plugin-transform-react-jsx-self": {
            "version": "7.27.1",
            "resolved": "https://registry.npmjs.org/@babel/plugin-transform-react-jsx-self/-/plugin-transform-react-jsx-self-7.27.1.tgz",
            "integrity": "sha512-6UzkCs+ejGdZ5mFFC/OCUrv028ab2fp1znZmCZjAOBKiBK2jXD1O+BPSfX8X2qjJ75fZBMSnQn3Rq2mrBJK2mw==",
            "dev": true,
            "license": "MIT",
            "dependencies": {
                "@babel/helper-plugin-utils": "^7.27.1"
            },
            "engines": {
                "node": ">=6.9.0"
            },
            "peerDependencies": {
                "@babel/core": "^7.0.0-0"
            }
        },
        "node_modules/@babel/plugin-transform-react-jsx-source": {
            "version": "7.27.1",
            "resolved": "https://registry.npmjs.org/@babel/plugin-transform-react-jsx-source/-/plugin-transform-react-jsx-source-7.27.1.tgz",
            "integrity": "sha512-zbwoTsBruTeKB9hSq73ha66iFeJHuaFkUbwvqElnygoNbj/jHRsSeokowZFN3CZ64IvEqcmmkVe89OPXc7ldAw==",
            "dev": true,
            "license": "MIT",
            "dependencies": {
                "@babel/helper-plugin-utils": "^7.27.1"
            },
            "engines": {
                "node": ">=6.9.0"
            },
            "peerDependencies": {
                "@babel/core": "^7.0.0-0"
            }
        },
        "node_modules/@babel/template": {
            "version": "7.27.2",
            "resolved": "https://registry.npmjs.org/@babel/template/-/template-7.27.2.tgz",
            "integrity": "sha512-LPDZ85aEJyYSd18/DkjNh4/y1ntkE5KwUHWTiqgRxruuZL2F1yuHligVHLvcHY2vMHXttKFpJn6LwfI7cw7ODw==",
            "dev": true,
            "license": "MIT",
            "dependencies": {
                "@babel/code-frame": "^7.27.1",
                "@babel/parser": "^7.27.2",
                "@babel/types": "^7.27.1"
            },
            "engines": {
                "node": ">=6.9.0"
            }
        },
        "node_modules/@babel/traverse": {
            "version": "7.28.4",
            "resolved": "https://registry.npmjs.org/@babel/traverse/-/traverse-7.28.4.tgz",
            "integrity": "sha512-YEzuboP2qvQavAcjgQNVgsvHIDv6ZpwXvcvjmyySP2DIMuByS/6ioU5G9pYrWHM6T2YDfc7xga9iNzYOs12CFQ==",
            "dev": true,
            "license": "MIT",
            "dependencies": {
                "@babel/code-frame": "^7.27.1",
                "@babel/generator": "^7.28.3",
                "@babel/helper-globals": "^7.28.0",
                "@babel/parser": "^7.28.4",
                "@babel/template": "^7.27.2",
                "@babel/types": "^7.28.4",
                "debug": "^4.3.1"
            },
            "engines": {
                "node": ">=6.9.0"
            }
        },
        "node_modules/@babel/types": {
            "version": "7.28.4",
            "resolved": "https://registry.npmjs.org/@babel/types/-/types-7.28.4.tgz",
            "integrity": "sha512-bkFqkLhh3pMBUQQkpVgWDWq/lqzc2678eUyDlTBhRqhCHFguYYGM0Efga7tYk4TogG/3x0EEl66/OQ+WGbWB/Q==",
            "dev": true,
            "license": "MIT",
            "dependencies": {
                "@babel/helper-string-parser": "^7.27.1",
                "@babel/helper-validator-identifier": "^7.27.1"
            },
            "engines": {
                "node": ">=6.9.0"
            }
        },
        "node_modules/@esbuild/aix-ppc64": {
            "version": "0.21.5",
            "resolved": "https://registry.npmjs.org/@esbuild/aix-ppc64/-/aix-ppc64-0.21.5.tgz",
            "integrity": "sha512-1SDgH6ZSPTlggy1yI6+Dbkiz8xzpHJEVAlF/AM1tHPLsf5STom9rwtjE4hKAF20FfXXNTFqEYXyJNWh1GiZedQ==",
            "cpu": [
                "ppc64"
            ],
            "dev": true,
            "license": "MIT",
            "optional": true,
            "os": [
                "aix"
            ],
            "engines": {
                "node": ">=12"
            }
        },
        "node_modules/@esbuild/android-arm": {
            "version": "0.21.5",
            "resolved": "https://registry.npmjs.org/@esbuild/android-arm/-/android-arm-0.21.5.tgz",
            "integrity": "sha512-vCPvzSjpPHEi1siZdlvAlsPxXl7WbOVUBBAowWug4rJHb68Ox8KualB+1ocNvT5fjv6wpkX6o/iEpbDrf68zcg==",
            "cpu": [
                "arm"
            ],
            "dev": true,
            "license": "MIT",
            "optional": true,
            "os": [
                "android"
            ],
            "engines": {
                "node": ">=12"
            }
        },
        "node_modules/@esbuild/android-arm64": {
            "version": "0.21.5",
            "resolved": "https://registry.npmjs.org/@esbuild/android-arm64/-/android-arm64-0.21.5.tgz",
            "integrity": "sha512-c0uX9VAUBQ7dTDCjq+wdyGLowMdtR/GoC2U5IYk/7D1H1JYC0qseD7+11iMP2mRLN9RcCMRcjC4YMclCzGwS/A==",
            "cpu": [
                "arm64"
            ],
            "dev": true,
            "license": "MIT",
            "optional": true,
            "os": [
                "android"
            ],
            "engines": {
                "node": ">=12"
            }
        },
        "node_modules/@esbuild/android-x64": {
            "version": "0.21.5",
            "resolved": "https://registry.npmjs.org/@esbuild/android-x64/-/android-x64-0.21.5.tgz",
            "integrity": "sha512-D7aPRUUNHRBwHxzxRvp856rjUHRFW1SdQATKXH2hqA0kAZb1hKmi02OpYRacl0TxIGz/ZmXWlbZgjwWYaCakTA==",
            "cpu": [
                "x64"
            ],
            "dev": true,
            "license": "MIT",
            "optional": true,
            "os": [
                "android"
            ],
            "engines": {
                "node": ">=12"
            }
        },
        "node_modules/@esbuild/darwin-arm64": {
            "version": "0.21.5",
            "resolved": "https://registry.npmjs.org/@esbuild/darwin-arm64/-/darwin-arm64-0.21.5.tgz",
            "integrity": "sha512-DwqXqZyuk5AiWWf3UfLiRDJ5EDd49zg6O9wclZ7kUMv2WRFr4HKjXp/5t8JZ11QbQfUS6/cRCKGwYhtNAY88kQ==",
            "cpu": [
                "arm64"
            ],
            "dev": true,
            "license": "MIT",
            "optional": true,
            "os": [
                "darwin"
            ],
            "engines": {
                "node": ">=12"
            }
        },
        "node_modules/@esbuild/darwin-x64": {
            "version": "0.21.5",
            "resolved": "https://registry.npmjs.org/@esbuild/darwin-x64/-/darwin-x64-0.21.5.tgz",
            "integrity": "sha512-se/JjF8NlmKVG4kNIuyWMV/22ZaerB+qaSi5MdrXtd6R08kvs2qCN4C09miupktDitvh8jRFflwGFBQcxZRjbw==",
            "cpu": [
                "x64"
            ],
            "dev": true,
            "license": "MIT",
            "optional": true,
            "os": [
                "darwin"
            ],
            "engines": {
                "node": ">=12"
            }
        },
        "node_modules/@esbuild/freebsd-arm64": {
            "version": "0.21.5",
            "resolved": "https://registry.npmjs.org/@esbuild/freebsd-arm64/-/freebsd-arm64-0.21.5.tgz",
            "integrity": "sha512-5JcRxxRDUJLX8JXp/wcBCy3pENnCgBR9bN6JsY4OmhfUtIHe3ZW0mawA7+RDAcMLrMIZaf03NlQiX9DGyB8h4g==",
            "cpu": [
                "arm64"
            ],
            "dev": true,
            "license": "MIT",
            "optional": true,
            "os": [
                "freebsd"
            ],
            "engines": {
                "node": ">=12"
            }
        },
        "node_modules/@esbuild/freebsd-x64": {
            "version": "0.21.5",
            "resolved": "https://registry.npmjs.org/@esbuild/freebsd-x64/-/freebsd-x64-0.21.5.tgz",
            "integrity": "sha512-J95kNBj1zkbMXtHVH29bBriQygMXqoVQOQYA+ISs0/2l3T9/kj42ow2mpqerRBxDJnmkUDCaQT/dfNXWX/ZZCQ==",
            "cpu": [
                "x64"
            ],
            "dev": true,
            "license": "MIT",
            "optional": true,
            "os": [
                "freebsd"
            ],
            "engines": {
                "node": ">=12"
            }
        },
        "node_modules/@esbuild/linux-arm": {
            "version": "0.21.5",
            "resolved": "https://registry.npmjs.org/@esbuild/linux-arm/-/linux-arm-0.21.5.tgz",
            "integrity": "sha512-bPb5AHZtbeNGjCKVZ9UGqGwo8EUu4cLq68E95A53KlxAPRmUyYv2D6F0uUI65XisGOL1hBP5mTronbgo+0bFcA==",
            "cpu": [
                "arm"
            ],
            "dev": true,
            "license": "MIT",
            "optional": true,
            "os": [
                "linux"
            ],
            "engines": {
                "node": ">=12"
            }
        },
        "node_modules/@esbuild/linux-arm64": {
            "version": "0.21.5",
            "resolved": "https://registry.npmjs.org/@esbuild/linux-arm64/-/linux-arm64-0.21.5.tgz",
            "integrity": "sha512-ibKvmyYzKsBeX8d8I7MH/TMfWDXBF3db4qM6sy+7re0YXya+K1cem3on9XgdT2EQGMu4hQyZhan7TeQ8XkGp4Q==",
            "cpu": [
                "arm64"
            ],
            "dev": true,
            "license": "MIT",
            "optional": true,
            "os": [
                "linux"
            ],
            "engines": {
                "node": ">=12"
            }
        },
        "node_modules/@esbuild/linux-ia32": {
            "version": "0.21.5",
            "resolved": "https://registry.npmjs.org/@esbuild/linux-ia32/-/linux-ia32-0.21.5.tgz",
            "integrity": "sha512-YvjXDqLRqPDl2dvRODYmmhz4rPeVKYvppfGYKSNGdyZkA01046pLWyRKKI3ax8fbJoK5QbxblURkwK/MWY18Tg==",
            "cpu": [
                "ia32"
            ],
            "dev": true,
            "license": "MIT",
            "optional": true,
            "os": [
                "linux"
            ],
            "engines": {
                "node": ">=12"
            }
        },
        "node_modules/@esbuild/linux-loong64": {
            "version": "0.21.5",
            "resolved": "https://registry.npmjs.org/@esbuild/linux-loong64/-/linux-loong64-0.21.5.tgz",
            "integrity": "sha512-uHf1BmMG8qEvzdrzAqg2SIG/02+4/DHB6a9Kbya0XDvwDEKCoC8ZRWI5JJvNdUjtciBGFQ5PuBlpEOXQj+JQSg==",
            "cpu": [
                "loong64"
            ],
            "dev": true,
            "license": "MIT",
            "optional": true,
            "os": [
                "linux"
            ],
            "engines": {
                "node": ">=12"
            }
        },
        "node_modules/@esbuild/linux-mips64el": {
            "version": "0.21.5",
            "resolved": "https://registry.npmjs.org/@esbuild/linux-mips64el/-/linux-mips64el-0.21.5.tgz",
            "integrity": "sha512-IajOmO+KJK23bj52dFSNCMsz1QP1DqM6cwLUv3W1QwyxkyIWecfafnI555fvSGqEKwjMXVLokcV5ygHW5b3Jbg==",
            "cpu": [
                "mips64el"
            ],
            "dev": true,
            "license": "MIT",
            "optional": true,
            "os": [
                "linux"
            ],
            "engines": {
                "node": ">=12"
            }
        },
        "node_modules/@esbuild/linux-ppc64": {
            "version": "0.21.5",
            "resolved": "https://registry.npmjs.org/@esbuild/linux-ppc64/-/linux-ppc64-0.21.5.tgz",
            "integrity": "sha512-1hHV/Z4OEfMwpLO8rp7CvlhBDnjsC3CttJXIhBi+5Aj5r+MBvy4egg7wCbe//hSsT+RvDAG7s81tAvpL2XAE4w==",
            "cpu": [
                "ppc64"
            ],
            "dev": true,
            "license": "MIT",
            "optional": true,
            "os": [
                "linux"
            ],
            "engines": {
                "node": ">=12"
            }
        },
        "node_modules/@esbuild/linux-riscv64": {
            "version": "0.21.5",
            "resolved": "https://registry.npmjs.org/@esbuild/linux-riscv64/-/linux-riscv64-0.21.5.tgz",
            "integrity": "sha512-2HdXDMd9GMgTGrPWnJzP2ALSokE/0O5HhTUvWIbD3YdjME8JwvSCnNGBnTThKGEB91OZhzrJ4qIIxk/SBmyDDA==",
            "cpu": [
                "riscv64"
            ],
            "dev": true,
            "license": "MIT",
            "optional": true,
            "os": [
                "linux"
            ],
            "engines": {
                "node": ">=12"
            }
        },
        "node_modules/@esbuild/linux-s390x": {
            "version": "0.21.5",
            "resolved": "https://registry.npmjs.org/@esbuild/linux-s390x/-/linux-s390x-0.21.5.tgz",
            "integrity": "sha512-zus5sxzqBJD3eXxwvjN1yQkRepANgxE9lgOW2qLnmr8ikMTphkjgXu1HR01K4FJg8h1kEEDAqDcZQtbrRnB41A==",
            "cpu": [
                "s390x"
            ],
            "dev": true,
            "license": "MIT",
            "optional": true,
            "os": [
                "linux"
            ],
            "engines": {
                "node": ">=12"
            }
        },
        "node_modules/@esbuild/linux-x64": {
            "version": "0.21.5",
            "resolved": "https://registry.npmjs.org/@esbuild/linux-x64/-/linux-x64-0.21.5.tgz",
            "integrity": "sha512-1rYdTpyv03iycF1+BhzrzQJCdOuAOtaqHTWJZCWvijKD2N5Xu0TtVC8/+1faWqcP9iBCWOmjmhoH94dH82BxPQ==",
            "cpu": [
                "x64"
            ],
            "dev": true,
            "license": "MIT",
            "optional": true,
            "os": [
                "linux"
            ],
            "engines": {
                "node": ">=12"
            }
        },
        "node_modules/@esbuild/netbsd-x64": {
            "version": "0.21.5",
            "resolved": "https://registry.npmjs.org/@esbuild/netbsd-x64/-/netbsd-x64-0.21.5.tgz",
            "integrity": "sha512-Woi2MXzXjMULccIwMnLciyZH4nCIMpWQAs049KEeMvOcNADVxo0UBIQPfSmxB3CWKedngg7sWZdLvLczpe0tLg==",
            "cpu": [
                "x64"
            ],
            "dev": true,
            "license": "MIT",
            "optional": true,
            "os": [
                "netbsd"
            ],
            "engines": {
                "node": ">=12"
            }
        },
        "node_modules/@esbuild/openbsd-x64": {
            "version": "0.21.5",
            "resolved": "https://registry.npmjs.org/@esbuild/openbsd-x64/-/openbsd-x64-0.21.5.tgz",
            "integrity": "sha512-HLNNw99xsvx12lFBUwoT8EVCsSvRNDVxNpjZ7bPn947b8gJPzeHWyNVhFsaerc0n3TsbOINvRP2byTZ5LKezow==",
            "cpu": [
                "x64"
            ],
            "dev": true,
            "license": "MIT",
            "optional": true,
            "os": [
                "openbsd"
            ],
            "engines": {
                "node": ">=12"
            }
        },
        "node_modules/@esbuild/sunos-x64": {
            "version": "0.21.5",
            "resolved": "https://registry.npmjs.org/@esbuild/sunos-x64/-/sunos-x64-0.21.5.tgz",
            "integrity": "sha512-6+gjmFpfy0BHU5Tpptkuh8+uw3mnrvgs+dSPQXQOv3ekbordwnzTVEb4qnIvQcYXq6gzkyTnoZ9dZG+D4garKg==",
            "cpu": [
                "x64"
            ],
            "dev": true,
            "license": "MIT",
            "optional": true,
            "os": [
                "sunos"
            ],
            "engines": {
                "node": ">=12"
            }
        },
        "node_modules/@esbuild/win32-arm64": {
            "version": "0.21.5",
            "resolved": "https://registry.npmjs.org/@esbuild/win32-arm64/-/win32-arm64-0.21.5.tgz",
            "integrity": "sha512-Z0gOTd75VvXqyq7nsl93zwahcTROgqvuAcYDUr+vOv8uHhNSKROyU961kgtCD1e95IqPKSQKH7tBTslnS3tA8A==",
            "cpu": [
                "arm64"
            ],
            "dev": true,
            "license": "MIT",
            "optional": true,
            "os": [
                "win32"
            ],
            "engines": {
                "node": ">=12"
            }
        },
        "node_modules/@esbuild/win32-ia32": {
            "version": "0.21.5",
            "resolved": "https://registry.npmjs.org/@esbuild/win32-ia32/-/win32-ia32-0.21.5.tgz",
            "integrity": "sha512-SWXFF1CL2RVNMaVs+BBClwtfZSvDgtL//G/smwAc5oVK/UPu2Gu9tIaRgFmYFFKrmg3SyAjSrElf0TiJ1v8fYA==",
            "cpu": [
                "ia32"
            ],
            "dev": true,
            "license": "MIT",
            "optional": true,
            "os": [
                "win32"
            ],
            "engines": {
                "node": ">=12"
            }
        },
        "node_modules/@esbuild/win32-x64": {
            "version": "0.21.5",
            "resolved": "https://registry.npmjs.org/@esbuild/win32-x64/-/win32-x64-0.21.5.tgz",
            "integrity": "sha512-tQd/1efJuzPC6rCFwEvLtci/xNFcTZknmXs98FYDfGE4wP9ClFV98nyKrzJKVPMhdDnjzLhdUyMX4PsQAPjwIw==",
            "cpu": [
                "x64"
            ],
            "dev": true,
            "license": "MIT",
            "optional": true,
            "os": [
                "win32"
            ],
            "engines": {
                "node": ">=12"
            }
        },
        "node_modules/@jridgewell/gen-mapping": {
            "version": "0.3.13",
            "resolved": "https://registry.npmjs.org/@jridgewell/gen-mapping/-/gen-mapping-0.3.13.tgz",
            "integrity": "sha512-2kkt/7niJ6MgEPxF0bYdQ6etZaA+fQvDcLKckhy1yIQOzaoKjBBjSj63/aLVjYE3qhRt5dvM+uUyfCg6UKCBbA==",
            "dev": true,
            "license": "MIT",
            "dependencies": {
                "@jridgewell/sourcemap-codec": "^1.5.0",
                "@jridgewell/trace-mapping": "^0.3.24"
            }
        },
        "node_modules/@jridgewell/remapping": {
            "version": "2.3.5",
            "resolved": "https://registry.npmjs.org/@jridgewell/remapping/-/remapping-2.3.5.tgz",
            "integrity": "sha512-LI9u/+laYG4Ds1TDKSJW2YPrIlcVYOwi2fUC6xB43lueCjgxV4lffOCZCtYFiH6TNOX+tQKXx97T4IKHbhyHEQ==",
            "dev": true,
            "license": "MIT",
            "dependencies": {
                "@jridgewell/gen-mapping": "^0.3.5",
                "@jridgewell/trace-mapping": "^0.3.24"
            }
        },
        "node_modules/@jridgewell/resolve-uri": {
            "version": "3.1.2",
            "resolved": "https://registry.npmjs.org/@jridgewell/resolve-uri/-/resolve-uri-3.1.2.tgz",
            "integrity": "sha512-bRISgCIjP20/tbWSPWMEi54QVPRZExkuD9lJL+UIxUKtwVJA8wW1Trb1jMs1RFXo1CBTNZ/5hpC9QvmKWdopKw==",
            "dev": true,
            "license": "MIT",
            "engines": {
                "node": ">=6.0.0"
            }
        },
        "node_modules/@jridgewell/sourcemap-codec": {
            "version": "1.5.5",
            "resolved": "https://registry.npmjs.org/@jridgewell/sourcemap-codec/-/sourcemap-codec-1.5.5.tgz",
            "integrity": "sha512-cYQ9310grqxueWbl+WuIUIaiUaDcj7WOq5fVhEljNVgRfOUhY9fy2zTvfoqWsnebh8Sl70VScFbICvJnLKB0Og==",
            "dev": true,
            "license": "MIT"
        },
        "node_modules/@jridgewell/trace-mapping": {
            "version": "0.3.31",
            "resolved": "https://registry.npmjs.org/@jridgewell/trace-mapping/-/trace-mapping-0.3.31.tgz",
            "integrity": "sha512-zzNR+SdQSDJzc8joaeP8QQoCQr8NuYx2dIIytl1QeBEZHJ9uW6hebsrYgbz8hJwUQao3TWCMtmfV8Nu1twOLAw==",
            "dev": true,
            "license": "MIT",
            "dependencies": {
                "@jridgewell/resolve-uri": "^3.1.0",
                "@jridgewell/sourcemap-codec": "^1.4.14"
            }
        },
        "node_modules/@rolldown/pluginutils": {
            "version": "1.0.0-beta.27",
            "resolved": "https://registry.npmjs.org/@rolldown/pluginutils/-/pluginutils-1.0.0-beta.27.tgz",
            "integrity": "sha512-+d0F4MKMCbeVUJwG96uQ4SgAznZNSq93I3V+9NHA4OpvqG8mRCpGdKmK8l/dl02h2CCDHwW2FqilnTyDcAnqjA==",
            "dev": true,
            "license": "MIT"
        },
        "node_modules/@rollup/rollup-android-arm-eabi": {
            "version": "4.52.3",
            "resolved": "https://registry.npmjs.org/@rollup/rollup-android-arm-eabi/-/rollup-android-arm-eabi-4.52.3.tgz",
            "integrity": "sha512-h6cqHGZ6VdnwliFG1NXvMPTy/9PS3h8oLh7ImwR+kl+oYnQizgjxsONmmPSb2C66RksfkfIxEVtDSEcJiO0tqw==",
            "cpu": [
                "arm"
            ],
            "dev": true,
            "license": "MIT",
            "optional": true,
            "os": [
                "android"
            ]
        },
        "node_modules/@rollup/rollup-android-arm64": {
            "version": "4.52.3",
            "resolved": "https://registry.npmjs.org/@rollup/rollup-android-arm64/-/rollup-android-arm64-4.52.3.tgz",
            "integrity": "sha512-wd+u7SLT/u6knklV/ifG7gr5Qy4GUbH2hMWcDauPFJzmCZUAJ8L2bTkVXC2niOIxp8lk3iH/QX8kSrUxVZrOVw==",
            "cpu": [
                "arm64"
            ],
            "dev": true,
            "license": "MIT",
            "optional": true,
            "os": [
                "android"
            ]
        },
        "node_modules/@rollup/rollup-darwin-arm64": {
            "version": "4.52.3",
            "resolved": "https://registry.npmjs.org/@rollup/rollup-darwin-arm64/-/rollup-darwin-arm64-4.52.3.tgz",
            "integrity": "sha512-lj9ViATR1SsqycwFkJCtYfQTheBdvlWJqzqxwc9f2qrcVrQaF/gCuBRTiTolkRWS6KvNxSk4KHZWG7tDktLgjg==",
            "cpu": [
                "arm64"
            ],
            "dev": true,
            "license": "MIT",
            "optional": true,
            "os": [
                "darwin"
            ]
        },
        "node_modules/@rollup/rollup-darwin-x64": {
            "version": "4.52.3",
            "resolved": "https://registry.npmjs.org/@rollup/rollup-darwin-x64/-/rollup-darwin-x64-4.52.3.tgz",
            "integrity": "sha512-+Dyo7O1KUmIsbzx1l+4V4tvEVnVQqMOIYtrxK7ncLSknl1xnMHLgn7gddJVrYPNZfEB8CIi3hK8gq8bDhb3h5A==",
            "cpu": [
                "x64"
            ],
            "dev": true,
            "license": "MIT",
            "optional": true,
            "os": [
                "darwin"
            ]
        },
        "node_modules/@rollup/rollup-freebsd-arm64": {
            "version": "4.52.3",
            "resolved": "https://registry.npmjs.org/@rollup/rollup-freebsd-arm64/-/rollup-freebsd-arm64-4.52.3.tgz",
            "integrity": "sha512-u9Xg2FavYbD30g3DSfNhxgNrxhi6xVG4Y6i9Ur1C7xUuGDW3banRbXj+qgnIrwRN4KeJ396jchwy9bCIzbyBEQ==",
            "cpu": [
                "arm64"
            ],
            "dev": true,
            "license": "MIT",
            "optional": true,
            "os": [
                "freebsd"
            ]
        },
        "node_modules/@rollup/rollup-freebsd-x64": {
            "version": "4.52.3",
            "resolved": "https://registry.npmjs.org/@rollup/rollup-freebsd-x64/-/rollup-freebsd-x64-4.52.3.tgz",
            "integrity": "sha512-5M8kyi/OX96wtD5qJR89a/3x5x8x5inXBZO04JWhkQb2JWavOWfjgkdvUqibGJeNNaz1/Z1PPza5/tAPXICI6A==",
            "cpu": [
                "x64"
            ],
            "dev": true,
            "license": "MIT",
            "optional": true,
            "os": [
                "freebsd"
            ]
        },
        "node_modules/@rollup/rollup-linux-arm-gnueabihf": {
            "version": "4.52.3",
            "resolved": "https://registry.npmjs.org/@rollup/rollup-linux-arm-gnueabihf/-/rollup-linux-arm-gnueabihf-4.52.3.tgz",
            "integrity": "sha512-IoerZJ4l1wRMopEHRKOO16e04iXRDyZFZnNZKrWeNquh5d6bucjezgd+OxG03mOMTnS1x7hilzb3uURPkJ0OfA==",
            "cpu": [
                "arm"
            ],
            "dev": true,
            "license": "MIT",
            "optional": true,
            "os": [
                "linux"
            ]
        },
        "node_modules/@rollup/rollup-linux-arm-musleabihf": {
            "version": "4.52.3",
            "resolved": "https://registry.npmjs.org/@rollup/rollup-linux-arm-musleabihf/-/rollup-linux-arm-musleabihf-4.52.3.tgz",
            "integrity": "sha512-ZYdtqgHTDfvrJHSh3W22TvjWxwOgc3ThK/XjgcNGP2DIwFIPeAPNsQxrJO5XqleSlgDux2VAoWQ5iJrtaC1TbA==",
            "cpu": [
                "arm"
            ],
            "dev": true,
            "license": "MIT",
            "optional": true,
            "os": [
                "linux"
            ]
        },
        "node_modules/@rollup/rollup-linux-arm64-gnu": {
            "version": "4.52.3",
            "resolved": "https://registry.npmjs.org/@rollup/rollup-linux-arm64-gnu/-/rollup-linux-arm64-gnu-4.52.3.tgz",
            "integrity": "sha512-NcViG7A0YtuFDA6xWSgmFb6iPFzHlf5vcqb2p0lGEbT+gjrEEz8nC/EeDHvx6mnGXnGCC1SeVV+8u+smj0CeGQ==",
            "cpu": [
                "arm64"
            ],
            "dev": true,
            "license": "MIT",
            "optional": true,
            "os": [
                "linux"
            ]
        },
        "node_modules/@rollup/rollup-linux-arm64-musl": {
            "version": "4.52.3",
            "resolved": "https://registry.npmjs.org/@rollup/rollup-linux-arm64-musl/-/rollup-linux-arm64-musl-4.52.3.tgz",
            "integrity": "sha512-d3pY7LWno6SYNXRm6Ebsq0DJGoiLXTb83AIPCXl9fmtIQs/rXoS8SJxxUNtFbJ5MiOvs+7y34np77+9l4nfFMw==",
            "cpu": [
                "arm64"
            ],
            "dev": true,
            "license": "MIT",
            "optional": true,
            "os": [
                "linux"
            ]
        },
        "node_modules/@rollup/rollup-linux-loong64-gnu": {
            "version": "4.52.3",
            "resolved": "https://registry.npmjs.org/@rollup/rollup-linux-loong64-gnu/-/rollup-linux-loong64-gnu-4.52.3.tgz",
            "integrity": "sha512-3y5GA0JkBuirLqmjwAKwB0keDlI6JfGYduMlJD/Rl7fvb4Ni8iKdQs1eiunMZJhwDWdCvrcqXRY++VEBbvk6Eg==",
            "cpu": [
                "loong64"
            ],
            "dev": true,
            "license": "MIT",
            "optional": true,
            "os": [
                "linux"
            ]
        },
        "node_modules/@rollup/rollup-linux-ppc64-gnu": {
            "version": "4.52.3",
            "resolved": "https://registry.npmjs.org/@rollup/rollup-linux-ppc64-gnu/-/rollup-linux-ppc64-gnu-4.52.3.tgz",
            "integrity": "sha512-AUUH65a0p3Q0Yfm5oD2KVgzTKgwPyp9DSXc3UA7DtxhEb/WSPfbG4wqXeSN62OG5gSo18em4xv6dbfcUGXcagw==",
            "cpu": [
                "ppc64"
            ],
            "dev": true,
            "license": "MIT",
            "optional": true,
            "os": [
                "linux"
            ]
        },
        "node_modules/@rollup/rollup-linux-riscv64-gnu": {
            "version": "4.52.3",
            "resolved": "https://registry.npmjs.org/@rollup/rollup-linux-riscv64-gnu/-/rollup-linux-riscv64-gnu-4.52.3.tgz",
            "integrity": "sha512-1makPhFFVBqZE+XFg3Dkq+IkQ7JvmUrwwqaYBL2CE+ZpxPaqkGaiWFEWVGyvTwZace6WLJHwjVh/+CXbKDGPmg==",
            "cpu": [
                "riscv64"
            ],
            "dev": true,
            "license": "MIT",
            "optional": true,
            "os": [
                "linux"
            ]
        },
        "node_modules/@rollup/rollup-linux-riscv64-musl": {
            "version": "4.52.3",
            "resolved": "https://registry.npmjs.org/@rollup/rollup-linux-riscv64-musl/-/rollup-linux-riscv64-musl-4.52.3.tgz",
            "integrity": "sha512-OOFJa28dxfl8kLOPMUOQBCO6z3X2SAfzIE276fwT52uXDWUS178KWq0pL7d6p1kz7pkzA0yQwtqL0dEPoVcRWg==",
            "cpu": [
                "riscv64"
            ],
            "dev": true,
            "license": "MIT",
            "optional": true,
            "os": [
                "linux"
            ]
        },
        "node_modules/@rollup/rollup-linux-s390x-gnu": {
            "version": "4.52.3",
            "resolved": "https://registry.npmjs.org/@rollup/rollup-linux-s390x-gnu/-/rollup-linux-s390x-gnu-4.52.3.tgz",
            "integrity": "sha512-jMdsML2VI5l+V7cKfZx3ak+SLlJ8fKvLJ0Eoa4b9/vCUrzXKgoKxvHqvJ/mkWhFiyp88nCkM5S2v6nIwRtPcgg==",
            "cpu": [
                "s390x"
            ],
            "dev": true,
            "license": "MIT",
            "optional": true,
            "os": [
                "linux"
            ]
        },
        "node_modules/@rollup/rollup-linux-x64-gnu": {
            "version": "4.52.3",
            "resolved": "https://registry.npmjs.org/@rollup/rollup-linux-x64-gnu/-/rollup-linux-x64-gnu-4.52.3.tgz",
            "integrity": "sha512-tPgGd6bY2M2LJTA1uGq8fkSPK8ZLYjDjY+ZLK9WHncCnfIz29LIXIqUgzCR0hIefzy6Hpbe8Th5WOSwTM8E7LA==",
            "cpu": [
                "x64"
            ],
            "dev": true,
            "license": "MIT",
            "optional": true,
            "os": [
                "linux"
            ]
        },
        "node_modules/@rollup/rollup-linux-x64-musl": {
            "version": "4.52.3",
            "resolved": "https://registry.npmjs.org/@rollup/rollup-linux-x64-musl/-/rollup-linux-x64-musl-4.52.3.tgz",
            "integrity": "sha512-BCFkJjgk+WFzP+tcSMXq77ymAPIxsX9lFJWs+2JzuZTLtksJ2o5hvgTdIcZ5+oKzUDMwI0PfWzRBYAydAHF2Mw==",
            "cpu": [
                "x64"
            ],
            "dev": true,
            "license": "MIT",
            "optional": true,
            "os": [
                "linux"
            ]
        },
        "node_modules/@rollup/rollup-openharmony-arm64": {
            "version": "4.52.3",
            "resolved": "https://registry.npmjs.org/@rollup/rollup-openharmony-arm64/-/rollup-openharmony-arm64-4.52.3.tgz",
            "integrity": "sha512-KTD/EqjZF3yvRaWUJdD1cW+IQBk4fbQaHYJUmP8N4XoKFZilVL8cobFSTDnjTtxWJQ3JYaMgF4nObY/+nYkumA==",
            "cpu": [
                "arm64"
            ],
            "dev": true,
            "license": "MIT",
            "optional": true,
            "os": [
                "openharmony"
            ]
        },
        "node_modules/@rollup/rollup-win32-arm64-msvc": {
            "version": "4.52.3",
            "resolved": "https://registry.npmjs.org/@rollup/rollup-win32-arm64-msvc/-/rollup-win32-arm64-msvc-4.52.3.tgz",
            "integrity": "sha512-+zteHZdoUYLkyYKObGHieibUFLbttX2r+58l27XZauq0tcWYYuKUwY2wjeCN9oK1Um2YgH2ibd6cnX/wFD7DuA==",
            "cpu": [
                "arm64"
            ],
            "dev": true,
            "license": "MIT",
            "optional": true,
            "os": [
                "win32"
            ]
        },
        "node_modules/@rollup/rollup-win32-ia32-msvc": {
            "version": "4.52.3",
            "resolved": "https://registry.npmjs.org/@rollup/rollup-win32-ia32-msvc/-/rollup-win32-ia32-msvc-4.52.3.tgz",
            "integrity": "sha512-of1iHkTQSo3kr6dTIRX6t81uj/c/b15HXVsPcEElN5sS859qHrOepM5p9G41Hah+CTqSh2r8Bm56dL2z9UQQ7g==",
            "cpu": [
                "ia32"
            ],
            "dev": true,
            "license": "MIT",
            "optional": true,
            "os": [
                "win32"
            ]
        },
        "node_modules/@rollup/rollup-win32-x64-gnu": {
            "version": "4.52.3",
            "resolved": "https://registry.npmjs.org/@rollup/rollup-win32-x64-gnu/-/rollup-win32-x64-gnu-4.52.3.tgz",
            "integrity": "sha512-s0hybmlHb56mWVZQj8ra9048/WZTPLILKxcvcq+8awSZmyiSUZjjem1AhU3Tf4ZKpYhK4mg36HtHDOe8QJS5PQ==",
            "cpu": [
                "x64"
            ],
            "dev": true,
            "license": "MIT",
            "optional": true,
            "os": [
                "win32"
            ]
        },
        "node_modules/@rollup/rollup-win32-x64-msvc": {
            "version": "4.52.3",
            "resolved": "https://registry.npmjs.org/@rollup/rollup-win32-x64-msvc/-/rollup-win32-x64-msvc-4.52.3.tgz",
            "integrity": "sha512-zGIbEVVXVtauFgl3MRwGWEN36P5ZGenHRMgNw88X5wEhEBpq0XrMEZwOn07+ICrwM17XO5xfMZqh0OldCH5VTA==",
            "cpu": [
                "x64"
            ],
            "dev": true,
            "license": "MIT",
            "optional": true,
            "os": [
                "win32"
            ]
        },
        "node_modules/@types/babel__core": {
            "version": "7.20.5",
            "resolved": "https://registry.npmjs.org/@types/babel__core/-/babel__core-7.20.5.tgz",
            "integrity": "sha512-qoQprZvz5wQFJwMDqeseRXWv3rqMvhgpbXFfVyWhbx9X47POIA6i/+dXefEmZKoAgOaTdaIgNSMqMIU61yRyzA==",
            "dev": true,
            "license": "MIT",
            "dependencies": {
                "@babel/parser": "^7.20.7",
                "@babel/types": "^7.20.7",
                "@types/babel__generator": "*",
                "@types/babel__template": "*",
                "@types/babel__traverse": "*"
            }
        },
        "node_modules/@types/babel__generator": {
            "version": "7.27.0",
            "resolved": "https://registry.npmjs.org/@types/babel__generator/-/babel__generator-7.27.0.tgz",
            "integrity": "sha512-ufFd2Xi92OAVPYsy+P4n7/U7e68fex0+Ee8gSG9KX7eo084CWiQ4sdxktvdl0bOPupXtVJPY19zk6EwWqUQ8lg==",
            "dev": true,
            "license": "MIT",
            "dependencies": {
                "@babel/types": "^7.0.0"
            }
        },
        "node_modules/@types/babel__template": {
            "version": "7.4.4",
            "resolved": "https://registry.npmjs.org/@types/babel__template/-/babel__template-7.4.4.tgz",
            "integrity": "sha512-h/NUaSyG5EyxBIp8YRxo4RMe2/qQgvyowRwVMzhYhBCONbW8PUsg4lkFMrhgZhUe5z3L3MiLDuvyJ/CaPa2A8A==",
            "dev": true,
            "license": "MIT",
            "dependencies": {
                "@babel/parser": "^7.1.0",
                "@babel/types": "^7.0.0"
            }
        },
        "node_modules/@types/babel__traverse": {
            "version": "7.28.0",
            "resolved": "https://registry.npmjs.org/@types/babel__traverse/-/babel__traverse-7.28.0.tgz",
            "integrity": "sha512-8PvcXf70gTDZBgt9ptxJ8elBeBjcLOAcOtoO/mPJjtji1+CdGbHgm77om1GrsPxsiE+uXIpNSK64UYaIwQXd4Q==",
            "dev": true,
            "license": "MIT",
            "dependencies": {
                "@babel/types": "^7.28.2"
            }
        },
        "node_modules/@types/estree": {
            "version": "1.0.8",
            "resolved": "https://registry.npmjs.org/@types/estree/-/estree-1.0.8.tgz",
            "integrity": "sha512-dWHzHa2WqEXI/O1E9OjrocMTKJl2mSrEolh1Iomrv6U+JuNwaHXsXx9bLu5gG7BUWFIN0skIQJQ/L1rIex4X6w==",
            "dev": true,
            "license": "MIT"
        },
        "node_modules/@vitejs/plugin-react": {
            "version": "4.7.0",
            "resolved": "https://registry.npmjs.org/@vitejs/plugin-react/-/plugin-react-4.7.0.tgz",
            "integrity": "sha512-gUu9hwfWvvEDBBmgtAowQCojwZmJ5mcLn3aufeCsitijs3+f2NsrPtlAWIR6OPiqljl96GVCUbLe0HyqIpVaoA==",
            "dev": true,
            "license": "MIT",
            "dependencies": {
                "@babel/core": "^7.28.0",
                "@babel/plugin-transform-react-jsx-self": "^7.27.1",
                "@babel/plugin-transform-react-jsx-source": "^7.27.1",
                "@rolldown/pluginutils": "1.0.0-beta.27",
                "@types/babel__core": "^7.20.5",
                "react-refresh": "^0.17.0"
            },
            "engines": {
                "node": "^14.18.0 || >=16.0.0"
            },
            "peerDependencies": {
                "vite": "^4.2.0 || ^5.0.0 || ^6.0.0 || ^7.0.0"
            }
        },
        "node_modules/asynckit": {
            "version": "0.4.0",
            "resolved": "https://registry.npmjs.org/asynckit/-/asynckit-0.4.0.tgz",
            "integrity": "sha512-Oei9OH4tRh0YqU3GxhX79dM/mwVgvbZJaSNaRk+bshkj0S5cfHcgYakreBjrHwatXKbz+IoIdYLxrKim2MjW0Q==",
            "license": "MIT"
        },
        "node_modules/axios": {
            "version": "1.12.2",
            "resolved": "https://registry.npmjs.org/axios/-/axios-1.12.2.tgz",
            "integrity": "sha512-vMJzPewAlRyOgxV2dU0Cuz2O8zzzx9VYtbJOaBgXFeLc4IV/Eg50n4LowmehOOR61S8ZMpc2K5Sa7g6A4jfkUw==",
            "license": "MIT",
            "dependencies": {
                "follow-redirects": "^1.15.6",
                "form-data": "^4.0.4",
                "proxy-from-env": "^1.1.0"
            }
        },
        "node_modules/baseline-browser-mapping": {
            "version": "2.8.10",
            "resolved": "https://registry.npmjs.org/baseline-browser-mapping/-/baseline-browser-mapping-2.8.10.tgz",
            "integrity": "sha512-uLfgBi+7IBNay8ECBO2mVMGZAc1VgZWEChxm4lv+TobGdG82LnXMjuNGo/BSSZZL4UmkWhxEHP2f5ziLNwGWMA==",
            "dev": true,
            "license": "Apache-2.0",
            "bin": {
                "baseline-browser-mapping": "dist/cli.js"
            }
        },
        "node_modules/browserslist": {
            "version": "4.26.3",
            "resolved": "https://registry.npmjs.org/browserslist/-/browserslist-4.26.3.tgz",
            "integrity": "sha512-lAUU+02RFBuCKQPj/P6NgjlbCnLBMp4UtgTx7vNHd3XSIJF87s9a5rA3aH2yw3GS9DqZAUbOtZdCCiZeVRqt0w==",
            "dev": true,
            "funding": [
                {
                    "type": "opencollective",
                    "url": "https://opencollective.com/browserslist"
                },
                {
                    "type": "tidelift",
                    "url": "https://tidelift.com/funding/github/npm/browserslist"
                },
                {
                    "type": "github",
                    "url": "https://github.com/sponsors/ai"
                }
            ],
            "license": "MIT",
            "dependencies": {
                "baseline-browser-mapping": "^2.8.9",
                "caniuse-lite": "^1.0.30001746",
                "electron-to-chromium": "^1.5.227",
                "node-releases": "^2.0.21",
                "update-browserslist-db": "^1.1.3"
            },
            "bin": {
                "browserslist": "cli.js"
            },
            "engines": {
                "node": "^6 || ^7 || ^8 || ^9 || ^10 || ^11 || ^12 || >=13.7"
            }
        },
        "node_modules/call-bind-apply-helpers": {
            "version": "1.0.2",
            "resolved": "https://registry.npmjs.org/call-bind-apply-helpers/-/call-bind-apply-helpers-1.0.2.tgz",
            "integrity": "sha512-Sp1ablJ0ivDkSzjcaJdxEunN5/XvksFJ2sMBFfq6x0ryhQV/2b/KwFe21cMpmHtPOSij8K99/wSfoEuTObmuMQ==",
            "license": "MIT",
            "dependencies": {
                "es-errors": "^1.3.0",
                "function-bind": "^1.1.2"
            },
            "engines": {
                "node": ">= 0.4"
            }
        },
        "node_modules/caniuse-lite": {
            "version": "1.0.30001746",
            "resolved": "https://registry.npmjs.org/caniuse-lite/-/caniuse-lite-1.0.30001746.tgz",
            "integrity": "sha512-eA7Ys/DGw+pnkWWSE/id29f2IcPHVoE8wxtvE5JdvD2V28VTDPy1yEeo11Guz0sJ4ZeGRcm3uaTcAqK1LXaphA==",
            "dev": true,
            "funding": [
                {
                    "type": "opencollective",
                    "url": "https://opencollective.com/browserslist"
                },
                {
                    "type": "tidelift",
                    "url": "https://tidelift.com/funding/github/npm/caniuse-lite"
                },
                {
                    "type": "github",
                    "url": "https://github.com/sponsors/ai"
                }
            ],
            "license": "CC-BY-4.0"
        },
        "node_modules/combined-stream": {
            "version": "1.0.8",
            "resolved": "https://registry.npmjs.org/combined-stream/-/combined-stream-1.0.8.tgz",
            "integrity": "sha512-FQN4MRfuJeHf7cBbBMJFXhKSDq+2kAArBlmRBvcvFE5BB1HZKXtSFASDhdlz9zOYwxh8lDdnvmMOe/+5cdoEdg==",
            "license": "MIT",
            "dependencies": {
                "delayed-stream": "~1.0.0"
            },
            "engines": {
                "node": ">= 0.8"
            }
        },
        "node_modules/convert-source-map": {
            "version": "2.0.0",
            "resolved": "https://registry.npmjs.org/convert-source-map/-/convert-source-map-2.0.0.tgz",
            "integrity": "sha512-Kvp459HrV2FEJ1CAsi1Ku+MY3kasH19TFykTz2xWmMeq6bk2NU3XXvfJ+Q61m0xktWwt+1HSYf3JZsTms3aRJg==",
            "dev": true,
            "license": "MIT"
        },
        "node_modules/cookie": {
            "version": "1.0.2",
            "resolved": "https://registry.npmjs.org/cookie/-/cookie-1.0.2.tgz",
            "integrity": "sha512-9Kr/j4O16ISv8zBBhJoi4bXOYNTkFLOqSL3UDB0njXxCXNezjeyVrJyGOWtgfs/q2km1gwBcfH8q1yEGoMYunA==",
            "license": "MIT",
            "engines": {
                "node": ">=18"
            }
        },
        "node_modules/debug": {
            "version": "4.4.3",
            "resolved": "https://registry.npmjs.org/debug/-/debug-4.4.3.tgz",
            "integrity": "sha512-RGwwWnwQvkVfavKVt22FGLw+xYSdzARwm0ru6DhTVA3umU5hZc28V3kO4stgYryrTlLpuvgI9GiijltAjNbcqA==",
            "dev": true,
            "license": "MIT",
            "dependencies": {
                "ms": "^2.1.3"
            },
            "engines": {
                "node": ">=6.0"
            },
            "peerDependenciesMeta": {
                "supports-color": {
                    "optional": true
                }
            }
        },
        "node_modules/delayed-stream": {
            "version": "1.0.0",
            "resolved": "https://registry.npmjs.org/delayed-stream/-/delayed-stream-1.0.0.tgz",
            "integrity": "sha512-ZySD7Nf91aLB0RxL4KGrKHBXl7Eds1DAmEdcoVawXnLD7SDhpNgtuII2aAkg7a7QS41jxPSZ17p4VdGnMHk3MQ==",
            "license": "MIT",
            "engines": {
                "node": ">=0.4.0"
            }
        },
        "node_modules/dunder-proto": {
            "version": "1.0.1",
            "resolved": "https://registry.npmjs.org/dunder-proto/-/dunder-proto-1.0.1.tgz",
            "integrity": "sha512-KIN/nDJBQRcXw0MLVhZE9iQHmG68qAVIBg9CqmUYjmQIhgij9U5MFvrqkUL5FbtyyzZuOeOt0zdeRe4UY7ct+A==",
            "license": "MIT",
            "dependencies": {
                "call-bind-apply-helpers": "^1.0.1",
                "es-errors": "^1.3.0",
                "gopd": "^1.2.0"
            },
            "engines": {
                "node": ">= 0.4"
            }
        },
        "node_modules/electron-to-chromium": {
            "version": "1.5.229",
            "resolved": "https://registry.npmjs.org/electron-to-chromium/-/electron-to-chromium-1.5.229.tgz",
            "integrity": "sha512-cwhDcZKGcT/rEthLRJ9eBlMDkh1sorgsuk+6dpsehV0g9CABsIqBxU4rLRjG+d/U6pYU1s37A4lSKrVc5lSQYg==",
            "dev": true,
            "license": "ISC"
        },
        "node_modules/es-define-property": {
            "version": "1.0.1",
            "resolved": "https://registry.npmjs.org/es-define-property/-/es-define-property-1.0.1.tgz",
            "integrity": "sha512-e3nRfgfUZ4rNGL232gUgX06QNyyez04KdjFrF+LTRoOXmrOgFKDg4BCdsjW8EnT69eqdYGmRpJwiPVYNrCaW3g==",
            "license": "MIT",
            "engines": {
                "node": ">= 0.4"
            }
        },
        "node_modules/es-errors": {
            "version": "1.3.0",
            "resolved": "https://registry.npmjs.org/es-errors/-/es-errors-1.3.0.tgz",
            "integrity": "sha512-Zf5H2Kxt2xjTvbJvP2ZWLEICxA6j+hAmMzIlypy4xcBg1vKVnx89Wy0GbS+kf5cwCVFFzdCFh2XSCFNULS6csw==",
            "license": "MIT",
            "engines": {
                "node": ">= 0.4"
            }
        },
        "node_modules/es-object-atoms": {
            "version": "1.1.1",
            "resolved": "https://registry.npmjs.org/es-object-atoms/-/es-object-atoms-1.1.1.tgz",
            "integrity": "sha512-FGgH2h8zKNim9ljj7dankFPcICIK9Cp5bm+c2gQSYePhpaG5+esrLODihIorn+Pe6FGJzWhXQotPv73jTaldXA==",
            "license": "MIT",
            "dependencies": {
                "es-errors": "^1.3.0"
            },
            "engines": {
                "node": ">= 0.4"
            }
        },
        "node_modules/es-set-tostringtag": {
            "version": "2.1.0",
            "resolved": "https://registry.npmjs.org/es-set-tostringtag/-/es-set-tostringtag-2.1.0.tgz",
            "integrity": "sha512-j6vWzfrGVfyXxge+O0x5sh6cvxAog0a/4Rdd2K36zCMV5eJ+/+tOAngRO8cODMNWbVRdVlmGZQL2YS3yR8bIUA==",
            "license": "MIT",
            "dependencies": {
                "es-errors": "^1.3.0",
                "get-intrinsic": "^1.2.6",
                "has-tostringtag": "^1.0.2",
                "hasown": "^2.0.2"
            },
            "engines": {
                "node": ">= 0.4"
            }
        },
        "node_modules/esbuild": {
            "version": "0.21.5",
            "resolved": "https://registry.npmjs.org/esbuild/-/esbuild-0.21.5.tgz",
            "integrity": "sha512-mg3OPMV4hXywwpoDxu3Qda5xCKQi+vCTZq8S9J/EpkhB2HzKXq4SNFZE3+NK93JYxc8VMSep+lOUSC/RVKaBqw==",
            "dev": true,
            "hasInstallScript": true,
            "license": "MIT",
            "bin": {
                "esbuild": "bin/esbuild"
            },
            "engines": {
                "node": ">=12"
            },
            "optionalDependencies": {
                "@esbuild/aix-ppc64": "0.21.5",
                "@esbuild/android-arm": "0.21.5",
                "@esbuild/android-arm64": "0.21.5",
                "@esbuild/android-x64": "0.21.5",
                "@esbuild/darwin-arm64": "0.21.5",
                "@esbuild/darwin-x64": "0.21.5",
                "@esbuild/freebsd-arm64": "0.21.5",
                "@esbuild/freebsd-x64": "0.21.5",
                "@esbuild/linux-arm": "0.21.5",
                "@esbuild/linux-arm64": "0.21.5",
                "@esbuild/linux-ia32": "0.21.5",
                "@esbuild/linux-loong64": "0.21.5",
                "@esbuild/linux-mips64el": "0.21.5",
                "@esbuild/linux-ppc64": "0.21.5",
                "@esbuild/linux-riscv64": "0.21.5",
                "@esbuild/linux-s390x": "0.21.5",
                "@esbuild/linux-x64": "0.21.5",
                "@esbuild/netbsd-x64": "0.21.5",
                "@esbuild/openbsd-x64": "0.21.5",
                "@esbuild/sunos-x64": "0.21.5",
                "@esbuild/win32-arm64": "0.21.5",
                "@esbuild/win32-ia32": "0.21.5",
                "@esbuild/win32-x64": "0.21.5"
            }
        },
        "node_modules/escalade": {
            "version": "3.2.0",
            "resolved": "https://registry.npmjs.org/escalade/-/escalade-3.2.0.tgz",
            "integrity": "sha512-WUj2qlxaQtO4g6Pq5c29GTcWGDyd8itL8zTlipgECz3JesAiiOKotd8JU6otB3PACgG6xkJUyVhboMS+bje/jA==",
            "dev": true,
            "license": "MIT",
            "engines": {
                "node": ">=6"
            }
        },
        "node_modules/follow-redirects": {
            "version": "1.15.11",
            "resolved": "https://registry.npmjs.org/follow-redirects/-/follow-redirects-1.15.11.tgz",
            "integrity": "sha512-deG2P0JfjrTxl50XGCDyfI97ZGVCxIpfKYmfyrQ54n5FO/0gfIES8C/Psl6kWVDolizcaaxZJnTS0QSMxvnsBQ==",
            "funding": [
                {
                    "type": "individual",
                    "url": "https://github.com/sponsors/RubenVerborgh"
                }
            ],
            "license": "MIT",
            "engines": {
                "node": ">=4.0"
            },
            "peerDependenciesMeta": {
                "debug": {
                    "optional": true
                }
            }
        },
        "node_modules/form-data": {
            "version": "4.0.4",
            "resolved": "https://registry.npmjs.org/form-data/-/form-data-4.0.4.tgz",
            "integrity": "sha512-KrGhL9Q4zjj0kiUt5OO4Mr/A/jlI2jDYs5eHBpYHPcBEVSiipAvn2Ko2HnPe20rmcuuvMHNdZFp+4IlGTMF0Ow==",
            "license": "MIT",
            "dependencies": {
                "asynckit": "^0.4.0",
                "combined-stream": "^1.0.8",
                "es-set-tostringtag": "^2.1.0",
                "hasown": "^2.0.2",
                "mime-types": "^2.1.12"
            },
            "engines": {
                "node": ">= 6"
            }
        },
        "node_modules/fsevents": {
            "version": "2.3.3",
            "resolved": "https://registry.npmjs.org/fsevents/-/fsevents-2.3.3.tgz",
            "integrity": "sha512-5xoDfX+fL7faATnagmWPpbFtwh/R77WmMMqqHGS65C3vvB0YHrgF+B1YmZ3441tMj5n63k0212XNoJwzlhffQw==",
            "dev": true,
            "hasInstallScript": true,
            "license": "MIT",
            "optional": true,
            "os": [
                "darwin"
            ],
            "engines": {
                "node": "^8.16.0 || ^10.6.0 || >=11.0.0"
            }
        },
        "node_modules/function-bind": {
            "version": "1.1.2",
            "resolved": "https://registry.npmjs.org/function-bind/-/function-bind-1.1.2.tgz",
            "integrity": "sha512-7XHNxH7qX9xG5mIwxkhumTox/MIRNcOgDrxWsMt2pAr23WHp6MrRlN7FBSFpCpr+oVO0F744iUgR82nJMfG2SA==",
            "license": "MIT",
            "funding": {
                "url": "https://github.com/sponsors/ljharb"
            }
        },
        "node_modules/gensync": {
            "version": "1.0.0-beta.2",
            "resolved": "https://registry.npmjs.org/gensync/-/gensync-1.0.0-beta.2.tgz",
            "integrity": "sha512-3hN7NaskYvMDLQY55gnW3NQ+mesEAepTqlg+VEbj7zzqEMBVNhzcGYYeqFo/TlYz6eQiFcp1HcsCZO+nGgS8zg==",
            "dev": true,
            "license": "MIT",
            "engines": {
                "node": ">=6.9.0"
            }
        },
        "node_modules/get-intrinsic": {
            "version": "1.3.0",
            "resolved": "https://registry.npmjs.org/get-intrinsic/-/get-intrinsic-1.3.0.tgz",
            "integrity": "sha512-9fSjSaos/fRIVIp+xSJlE6lfwhES7LNtKaCBIamHsjr2na1BiABJPo0mOjjz8GJDURarmCPGqaiVg5mfjb98CQ==",
            "license": "MIT",
            "dependencies": {
                "call-bind-apply-helpers": "^1.0.2",
                "es-define-property": "^1.0.1",
                "es-errors": "^1.3.0",
                "es-object-atoms": "^1.1.1",
                "function-bind": "^1.1.2",
                "get-proto": "^1.0.1",
                "gopd": "^1.2.0",
                "has-symbols": "^1.1.0",
                "hasown": "^2.0.2",
                "math-intrinsics": "^1.1.0"
            },
            "engines": {
                "node": ">= 0.4"
            },
            "funding": {
                "url": "https://github.com/sponsors/ljharb"
            }
        },
        "node_modules/get-proto": {
            "version": "1.0.1",
            "resolved": "https://registry.npmjs.org/get-proto/-/get-proto-1.0.1.tgz",
            "integrity": "sha512-sTSfBjoXBp89JvIKIefqw7U2CCebsc74kiY6awiGogKtoSGbgjYE/G/+l9sF3MWFPNc9IcoOC4ODfKHfxFmp0g==",
            "license": "MIT",
            "dependencies": {
                "dunder-proto": "^1.0.1",
                "es-object-atoms": "^1.0.0"
            },
            "engines": {
                "node": ">= 0.4"
            }
        },
        "node_modules/gopd": {
            "version": "1.2.0",
            "resolved": "https://registry.npmjs.org/gopd/-/gopd-1.2.0.tgz",
            "integrity": "sha512-ZUKRh6/kUFoAiTAtTYPZJ3hw9wNxx+BIBOijnlG9PnrJsCcSjs1wyyD6vJpaYtgnzDrKYRSqf3OO6Rfa93xsRg==",
            "license": "MIT",
            "engines": {
                "node": ">= 0.4"
            },
            "funding": {
                "url": "https://github.com/sponsors/ljharb"
            }
        },
        "node_modules/has-symbols": {
            "version": "1.1.0",
            "resolved": "https://registry.npmjs.org/has-symbols/-/has-symbols-1.1.0.tgz",
            "integrity": "sha512-1cDNdwJ2Jaohmb3sg4OmKaMBwuC48sYni5HUw2DvsC8LjGTLK9h+eb1X6RyuOHe4hT0ULCW68iomhjUoKUqlPQ==",
            "license": "MIT",
            "engines": {
                "node": ">= 0.4"
            },
            "funding": {
                "url": "https://github.com/sponsors/ljharb"
            }
        },
        "node_modules/has-tostringtag": {
            "version": "1.0.2",
            "resolved": "https://registry.npmjs.org/has-tostringtag/-/has-tostringtag-1.0.2.tgz",
            "integrity": "sha512-NqADB8VjPFLM2V0VvHUewwwsw0ZWBaIdgo+ieHtK3hasLz4qeCRjYcqfB6AQrBggRKppKF8L52/VqdVsO47Dlw==",
            "license": "MIT",
            "dependencies": {
                "has-symbols": "^1.0.3"
            },
            "engines": {
                "node": ">= 0.4"
            },
            "funding": {
                "url": "https://github.com/sponsors/ljharb"
            }
        },
        "node_modules/hasown": {
            "version": "2.0.2",
            "resolved": "https://registry.npmjs.org/hasown/-/hasown-2.0.2.tgz",
            "integrity": "sha512-0hJU9SCPvmMzIBdZFqNPXWa6dqh7WdH0cII9y+CyS8rG3nL48Bclra9HmKhVVUHyPWNH5Y7xDwAB7bfgSjkUMQ==",
            "license": "MIT",
            "dependencies": {
                "function-bind": "^1.1.2"
            },
            "engines": {
                "node": ">= 0.4"
            }
        },
        "node_modules/js-tokens": {
            "version": "4.0.0",
            "resolved": "https://registry.npmjs.org/js-tokens/-/js-tokens-4.0.0.tgz",
            "integrity": "sha512-RdJUflcE3cUzKiMqQgsCu06FPu9UdIJO0beYbPhHN4k6apgJtifcoCtT9bcxOpYBtpD2kCM6Sbzg4CausW/PKQ==",
            "license": "MIT"
        },
        "node_modules/jsesc": {
            "version": "3.1.0",
            "resolved": "https://registry.npmjs.org/jsesc/-/jsesc-3.1.0.tgz",
            "integrity": "sha512-/sM3dO2FOzXjKQhJuo0Q173wf2KOo8t4I8vHy6lF9poUp7bKT0/NHE8fPX23PwfhnykfqnC2xRxOnVw5XuGIaA==",
            "dev": true,
            "license": "MIT",
            "bin": {
                "jsesc": "bin/jsesc"
            },
            "engines": {
                "node": ">=6"
            }
        },
        "node_modules/json5": {
            "version": "2.2.3",
            "resolved": "https://registry.npmjs.org/json5/-/json5-2.2.3.tgz",
            "integrity": "sha512-XmOWe7eyHYH14cLdVPoyg+GOH3rYX++KpzrylJwSW98t3Nk+U8XOl8FWKOgwtzdb8lXGf6zYwDUzeHMWfxasyg==",
            "dev": true,
            "license": "MIT",
            "bin": {
                "json5": "lib/cli.js"
            },
            "engines": {
                "node": ">=6"
            }
        },
        "node_modules/loose-envify": {
            "version": "1.4.0",
            "resolved": "https://registry.npmjs.org/loose-envify/-/loose-envify-1.4.0.tgz",
            "integrity": "sha512-lyuxPGr/Wfhrlem2CL/UcnUc1zcqKAImBDzukY7Y5F/yQiNdko6+fRLevlw1HgMySw7f611UIY408EtxRSoK3Q==",
            "license": "MIT",
            "dependencies": {
                "js-tokens": "^3.0.0 || ^4.0.0"
            },
            "bin": {
                "loose-envify": "cli.js"
            }
        },
        "node_modules/lru-cache": {
            "version": "5.1.1",
            "resolved": "https://registry.npmjs.org/lru-cache/-/lru-cache-5.1.1.tgz",
            "integrity": "sha512-KpNARQA3Iwv+jTA0utUVVbrh+Jlrr1Fv0e56GGzAFOXN7dk/FviaDW8LHmK52DlcH4WP2n6gI8vN1aesBFgo9w==",
            "dev": true,
            "license": "ISC",
            "dependencies": {
                "yallist": "^3.0.2"
            }
        },
        "node_modules/math-intrinsics": {
            "version": "1.1.0",
            "resolved": "https://registry.npmjs.org/math-intrinsics/-/math-intrinsics-1.1.0.tgz",
            "integrity": "sha512-/IXtbwEk5HTPyEwyKX6hGkYXxM9nbj64B+ilVJnC/R6B0pH5G4V3b0pVbL7DBj4tkhBAppbQUlf6F6Xl9LHu1g==",
            "license": "MIT",
            "engines": {
                "node": ">= 0.4"
            }
        },
        "node_modules/mime-db": {
            "version": "1.52.0",
            "resolved": "https://registry.npmjs.org/mime-db/-/mime-db-1.52.0.tgz",
            "integrity": "sha512-sPU4uV7dYlvtWJxwwxHD0PuihVNiE7TyAbQ5SWxDCB9mUYvOgroQOwYQQOKPJ8CIbE+1ETVlOoK1UC2nU3gYvg==",
            "license": "MIT",
            "engines": {
                "node": ">= 0.6"
            }
        },
        "node_modules/mime-types": {
            "version": "2.1.35",
            "resolved": "https://registry.npmjs.org/mime-types/-/mime-types-2.1.35.tgz",
            "integrity": "sha512-ZDY+bPm5zTTF+YpCrAU9nK0UgICYPT0QtT1NZWFv4s++TNkcgVaT0g6+4R2uI4MjQjzysHB1zxuWL50hzaeXiw==",
            "license": "MIT",
            "dependencies": {
                "mime-db": "1.52.0"
            },
            "engines": {
                "node": ">= 0.6"
            }
        },
        "node_modules/ms": {
            "version": "2.1.3",
            "resolved": "https://registry.npmjs.org/ms/-/ms-2.1.3.tgz",
            "integrity": "sha512-6FlzubTLZG3J2a/NVCAleEhjzq5oxgHyaCU9yYXvcLsvoVaHJq/s5xXI6/XXP6tz7R9xAOtHnSO/tXtF3WRTlA==",
            "dev": true,
            "license": "MIT"
        },
        "node_modules/nanoid": {
            "version": "3.3.11",
            "resolved": "https://registry.npmjs.org/nanoid/-/nanoid-3.3.11.tgz",
            "integrity": "sha512-N8SpfPUnUp1bK+PMYW8qSWdl9U+wwNWI4QKxOYDy9JAro3WMX7p2OeVRF9v+347pnakNevPmiHhNmZ2HbFA76w==",
            "dev": true,
            "funding": [
                {
                    "type": "github",
                    "url": "https://github.com/sponsors/ai"
                }
            ],
            "license": "MIT",
            "bin": {
                "nanoid": "bin/nanoid.cjs"
            },
            "engines": {
                "node": "^10 || ^12 || ^13.7 || ^14 || >=15.0.1"
            }
        },
        "node_modules/node-releases": {
            "version": "2.0.21",
            "resolved": "https://registry.npmjs.org/node-releases/-/node-releases-2.0.21.tgz",
            "integrity": "sha512-5b0pgg78U3hwXkCM8Z9b2FJdPZlr9Psr9V2gQPESdGHqbntyFJKFW4r5TeWGFzafGY3hzs1JC62VEQMbl1JFkw==",
            "dev": true,
            "license": "MIT"
        },
        "node_modules/picocolors": {
            "version": "1.1.1",
            "resolved": "https://registry.npmjs.org/picocolors/-/picocolors-1.1.1.tgz",
            "integrity": "sha512-xceH2snhtb5M9liqDsmEw56le376mTZkEX/jEb/RxNFyegNul7eNslCXP9FDj/Lcu0X8KEyMceP2ntpaHrDEVA==",
            "dev": true,
            "license": "ISC"
        },
        "node_modules/postcss": {
            "version": "8.5.6",
            "resolved": "https://registry.npmjs.org/postcss/-/postcss-8.5.6.tgz",
            "integrity": "sha512-3Ybi1tAuwAP9s0r1UQ2J4n5Y0G05bJkpUIO0/bI9MhwmD70S5aTWbXGBwxHrelT+XM1k6dM0pk+SwNkpTRN7Pg==",
            "dev": true,
            "funding": [
                {
                    "type": "opencollective",
                    "url": "https://opencollective.com/postcss/"
                },
                {
                    "type": "tidelift",
                    "url": "https://tidelift.com/funding/github/npm/postcss"
                },
                {
                    "type": "github",
                    "url": "https://github.com/sponsors/ai"
                }
            ],
            "license": "MIT",
            "dependencies": {
                "nanoid": "^3.3.11",
                "picocolors": "^1.1.1",
                "source-map-js": "^1.2.1"
            },
            "engines": {
                "node": "^10 || ^12 || >=14"
            }
        },
        "node_modules/proxy-from-env": {
            "version": "1.1.0",
            "resolved": "https://registry.npmjs.org/proxy-from-env/-/proxy-from-env-1.1.0.tgz",
            "integrity": "sha512-D+zkORCbA9f1tdWRK0RaCR3GPv50cMxcrz4X8k5LTSUD1Dkw47mKJEZQNunItRTkWwgtaUSo1RVFRIG9ZXiFYg==",
            "license": "MIT"
        },
        "node_modules/react": {
            "version": "18.3.1",
            "resolved": "https://registry.npmjs.org/react/-/react-18.3.1.tgz",
            "integrity": "sha512-wS+hAgJShR0KhEvPJArfuPVN1+Hz1t0Y6n5jLrGQbkb4urgPE/0Rve+1kMB1v/oWgHgm4WIcV+i7F2pTVj+2iQ==",
            "license": "MIT",
            "dependencies": {
                "loose-envify": "^1.1.0"
            },
            "engines": {
                "node": ">=0.10.0"
            }
        },
        "node_modules/react-dom": {
            "version": "18.3.1",
            "resolved": "https://registry.npmjs.org/react-dom/-/react-dom-18.3.1.tgz",
            "integrity": "sha512-5m4nQKp+rZRb09LNH59GM4BxTh9251/ylbKIbpe7TpGxfJ+9kv6BLkLBXIjjspbgbnIBNqlI23tRnTWT0snUIw==",
            "license": "MIT",
            "dependencies": {
                "loose-envify": "^1.1.0",
                "scheduler": "^0.23.2"
            },
            "peerDependencies": {
                "react": "^18.3.1"
            }
        },
        "node_modules/react-refresh": {
            "version": "0.17.0",
            "resolved": "https://registry.npmjs.org/react-refresh/-/react-refresh-0.17.0.tgz",
            "integrity": "sha512-z6F7K9bV85EfseRCp2bzrpyQ0Gkw1uLoCel9XBVWPg/TjRj94SkJzUTGfOa4bs7iJvBWtQG0Wq7wnI0syw3EBQ==",
            "dev": true,
            "license": "MIT",
            "engines": {
                "node": ">=0.10.0"
            }
        },
        "node_modules/react-router": {
            "version": "7.9.3",
            "resolved": "https://registry.npmjs.org/react-router/-/react-router-7.9.3.tgz",
            "integrity": "sha512-4o2iWCFIwhI/eYAIL43+cjORXYn/aRQPgtFRRZb3VzoyQ5Uej0Bmqj7437L97N9NJW4wnicSwLOLS+yCXfAPgg==",
            "license": "MIT",
            "dependencies": {
                "cookie": "^1.0.1",
                "set-cookie-parser": "^2.6.0"
            },
            "engines": {
                "node": ">=20.0.0"
            },
            "peerDependencies": {
                "react": ">=18",
                "react-dom": ">=18"
            },
            "peerDependenciesMeta": {
                "react-dom": {
                    "optional": true
                }
            }
        },
        "node_modules/react-router-dom": {
            "version": "7.9.3",
            "resolved": "https://registry.npmjs.org/react-router-dom/-/react-router-dom-7.9.3.tgz",
            "integrity": "sha512-1QSbA0TGGFKTAc/aWjpfW/zoEukYfU4dc1dLkT/vvf54JoGMkW+fNA+3oyo2gWVW1GM7BxjJVHz5GnPJv40rvg==",
            "license": "MIT",
            "dependencies": {
                "react-router": "7.9.3"
            },
            "engines": {
                "node": ">=20.0.0"
            },
            "peerDependencies": {
                "react": ">=18",
                "react-dom": ">=18"
            }
        },
        "node_modules/rollup": {
            "version": "4.52.3",
            "resolved": "https://registry.npmjs.org/rollup/-/rollup-4.52.3.tgz",
            "integrity": "sha512-RIDh866U8agLgiIcdpB+COKnlCreHJLfIhWC3LVflku5YHfpnsIKigRZeFfMfCc4dVcqNVfQQ5gO/afOck064A==",
            "dev": true,
            "license": "MIT",
            "dependencies": {
                "@types/estree": "1.0.8"
            },
            "bin": {
                "rollup": "dist/bin/rollup"
            },
            "engines": {
                "node": ">=18.0.0",
                "npm": ">=8.0.0"
            },
            "optionalDependencies": {
                "@rollup/rollup-android-arm-eabi": "4.52.3",
                "@rollup/rollup-android-arm64": "4.52.3",
                "@rollup/rollup-darwin-arm64": "4.52.3",
                "@rollup/rollup-darwin-x64": "4.52.3",
                "@rollup/rollup-freebsd-arm64": "4.52.3",
                "@rollup/rollup-freebsd-x64": "4.52.3",
                "@rollup/rollup-linux-arm-gnueabihf": "4.52.3",
                "@rollup/rollup-linux-arm-musleabihf": "4.52.3",
                "@rollup/rollup-linux-arm64-gnu": "4.52.3",
                "@rollup/rollup-linux-arm64-musl": "4.52.3",
                "@rollup/rollup-linux-loong64-gnu": "4.52.3",
                "@rollup/rollup-linux-ppc64-gnu": "4.52.3",
                "@rollup/rollup-linux-riscv64-gnu": "4.52.3",
                "@rollup/rollup-linux-riscv64-musl": "4.52.3",
                "@rollup/rollup-linux-s390x-gnu": "4.52.3",
                "@rollup/rollup-linux-x64-gnu": "4.52.3",
                "@rollup/rollup-linux-x64-musl": "4.52.3",
                "@rollup/rollup-openharmony-arm64": "4.52.3",
                "@rollup/rollup-win32-arm64-msvc": "4.52.3",
                "@rollup/rollup-win32-ia32-msvc": "4.52.3",
                "@rollup/rollup-win32-x64-gnu": "4.52.3",
                "@rollup/rollup-win32-x64-msvc": "4.52.3",
                "fsevents": "~2.3.2"
            }
        },
        "node_modules/scheduler": {
            "version": "0.23.2",
            "resolved": "https://registry.npmjs.org/scheduler/-/scheduler-0.23.2.tgz",
            "integrity": "sha512-UOShsPwz7NrMUqhR6t0hWjFduvOzbtv7toDH1/hIrfRNIDBnnBWd0CwJTGvTpngVlmwGCdP9/Zl/tVrDqcuYzQ==",
            "license": "MIT",
            "dependencies": {
                "loose-envify": "^1.1.0"
            }
        },
        "node_modules/semver": {
            "version": "6.3.1",
            "resolved": "https://registry.npmjs.org/semver/-/semver-6.3.1.tgz",
            "integrity": "sha512-BR7VvDCVHO+q2xBEWskxS6DJE1qRnb7DxzUrogb71CWoSficBxYsiAGd+Kl0mmq/MprG9yArRkyrQxTO6XjMzA==",
            "dev": true,
            "license": "ISC",
            "bin": {
                "semver": "bin/semver.js"
            }
        },
        "node_modules/set-cookie-parser": {
            "version": "2.7.1",
            "resolved": "https://registry.npmjs.org/set-cookie-parser/-/set-cookie-parser-2.7.1.tgz",
            "integrity": "sha512-IOc8uWeOZgnb3ptbCURJWNjWUPcO3ZnTTdzsurqERrP6nPyv+paC55vJM0LpOlT2ne+Ix+9+CRG1MNLlyZ4GjQ==",
            "license": "MIT"
        },
        "node_modules/source-map-js": {
            "version": "1.2.1",
            "resolved": "https://registry.npmjs.org/source-map-js/-/source-map-js-1.2.1.tgz",
            "integrity": "sha512-UXWMKhLOwVKb728IUtQPXxfYU+usdybtUrK/8uGE8CQMvrhOpwvzDBwj0QhSL7MQc7vIsISBG8VQ8+IDQxpfQA==",
            "dev": true,
            "license": "BSD-3-Clause",
            "engines": {
                "node": ">=0.10.0"
            }
        },
        "node_modules/update-browserslist-db": {
            "version": "1.1.3",
            "resolved": "https://registry.npmjs.org/update-browserslist-db/-/update-browserslist-db-1.1.3.tgz",
            "integrity": "sha512-UxhIZQ+QInVdunkDAaiazvvT/+fXL5Osr0JZlJulepYu6Jd7qJtDZjlur0emRlT71EN3ScPoE7gvsuIKKNavKw==",
            "dev": true,
            "funding": [
                {
                    "type": "opencollective",
                    "url": "https://opencollective.com/browserslist"
                },
                {
                    "type": "tidelift",
                    "url": "https://tidelift.com/funding/github/npm/browserslist"
                },
                {
                    "type": "github",
                    "url": "https://github.com/sponsors/ai"
                }
            ],
            "license": "MIT",
            "dependencies": {
                "escalade": "^3.2.0",
                "picocolors": "^1.1.1"
            },
            "bin": {
                "update-browserslist-db": "cli.js"
            },
            "peerDependencies": {
                "browserslist": ">= 4.21.0"
            }
        },
        "node_modules/vite": {
            "version": "5.4.20",
            "resolved": "https://registry.npmjs.org/vite/-/vite-5.4.20.tgz",
            "integrity": "sha512-j3lYzGC3P+B5Yfy/pfKNgVEg4+UtcIJcVRt2cDjIOmhLourAqPqf8P7acgxeiSgUB7E3p2P8/3gNIgDLpwzs4g==",
            "dev": true,
            "license": "MIT",
            "dependencies": {
                "esbuild": "^0.21.3",
                "postcss": "^8.4.43",
                "rollup": "^4.20.0"
            },
            "bin": {
                "vite": "bin/vite.js"
            },
            "engines": {
                "node": "^18.0.0 || >=20.0.0"
            },
            "funding": {
                "url": "https://github.com/vitejs/vite?sponsor=1"
            },
            "optionalDependencies": {
                "fsevents": "~2.3.3"
            },
            "peerDependencies": {
                "@types/node": "^18.0.0 || >=20.0.0",
                "less": "*",
                "lightningcss": "^1.21.0",
                "sass": "*",
                "sass-embedded": "*",
                "stylus": "*",
                "sugarss": "*",
                "terser": "^5.4.0"
            },
            "peerDependenciesMeta": {
                "@types/node": {
                    "optional": true
                },
                "less": {
                    "optional": true
                },
                "lightningcss": {
                    "optional": true
                },
                "sass": {
                    "optional": true
                },
                "sass-embedded": {
                    "optional": true
                },
                "stylus": {
                    "optional": true
                },
                "sugarss": {
                    "optional": true
                },
                "terser": {
                    "optional": true
                }
            }
        },
        "node_modules/yallist": {
            "version": "3.1.1",
            "resolved": "https://registry.npmjs.org/yallist/-/yallist-3.1.1.tgz",
            "integrity": "sha512-a4UGQaWPH59mOXUYnAG2ewncQS4i4F43Tv3JoAM+s2VDAmS9NsK8GpDMLrCHPksFT7h3K6TOoUNn2pb7RoXx4g==",
            "dev": true,
            "license": "ISC"
        }
    }
}
